City,Pickup_latitude,Pickup_longitude
Depew,42.904958,-78.7006
Owego,42.120274,-76.25874
Friendship,42.192384,-78.14308
North Babylon,40.733398,-73.32257
West Babylon,40.922326,-72.637078
Hunter,42.222061,-74.23418
Eaton,42.83917,-75.65482
Copenhagen,43.859025,-75.72942
Pearl River,41.063329,-74.01734
Round Lake,42.932326,-73.79363
West Lebanon,42.479384,-73.474809
Rochester,43.223213,-77.59721
Bohemia,40.770042,-73.11376
Barryville,41.480326,-74.92694
Washington Mills,43.053769,-75.271559
New York,40.780751,-73.977182
New York,40.754591,-73.976238
Westtown,41.334034,-74.54593
Locust Valley,40.881957,-73.59417
Tonawanda,43.001907,-78.8631
Worcester,42.610314,-74.72401
Scipio Center,42.774714,-76.57045
Port Jervis,41.374734,-74.66315
Athol,43.484741,-73.89151
Herkimer,43.038149,-74.9846
Hogansburg,44.98184,-74.67374
Hobart,42.368357,-74.66452
Caneadea,42.37074,-78.19335
Sharon Springs,42.774077,-74.58404
Rochester,43.286024,-77.684264
Tomkins Cove,41.271543,-73.98676
Medford,40.820786,-72.98375
Piseco,43.40276,-74.56972
La Grange,41.643599,-73.847176
Utica,43.101869,-75.231158
Phoenix,43.235916,-76.31339
Niagara Falls,43.096555,-79.03925
Kirkville,43.099547,-75.9619
Bedford,41.195778,-73.62777
Brantingham,43.689564,-75.27252
Woodridge,41.708062,-74.5698
Honeoye Falls,42.964593,-77.5919
Seaford,40.679752,-73.48959
Albany,42.614852,-73.970812
Putnam Station,43.74531,-73.41569
West Davenport,42.183045,-74.925617
Rochester,43.256462,-77.66183
Smithboro,42.039512,-76.400376
Little Genesee,42.020028,-78.20368
Elmira,42.091924,-76.79217
Schenectady,42.814476,-73.94337
Kingston,41.878801,-74.345684
South New Berlin,42.533274,-75.38008
White Plains,41.041191,-73.80953
Morristown,44.585561,-75.64797
Le Roy,42.979887,-77.97053
Buffalo,42.941407,-78.83741
New York,40.780751,-73.977182
Central Valley,41.322344,-74.12354
Thompsonville,41.676139,-74.6217
Manlius,42.987329,-75.96763
Syracuse,43.074566,-76.14747
Mohegan Lake,41.314676,-73.85118
East Hampton,40.995384,-72.18564
Glenham,41.520249,-73.933259
Lisbon,44.744462,-75.28123
South Rutland,43.951666,-75.767772
South Dayton,42.372077,-79.05552
Albany,42.614852,-73.970812
Clintondale,41.681096,-74.06421
Felts Mills,44.021094,-75.76113
East Bethany,42.903676,-78.13481
East Springfield,42.843048,-74.80882
Oneonta,42.469761,-75.05192
Dansville,42.576771,-77.71925
Mendon,42.999201,-77.50263
Rochester,43.168062,-77.68132
Franklinville,42.335628,-78.43114
Ghent,42.305793,-73.6514
Wawarsing,41.757766,-74.35392
Cornwallville,42.357579,-74.15136
Colesville,42.216968,-75.724015
Ozone Park,40.675534,-73.84476
Middletown,41.449364,-74.43951
Dickinson Center,44.731571,-74.53485
Buffalo,43.023347,-78.79494
Hastings On Hudson,40.992084,-73.8729
Vestal,42.206745,-75.74488
Syracuse,43.045066,-76.14994
Rochester,43.286024,-77.684264
Syracuse,43.02143,-76.197701
West Copake,42.243991,-73.641076
Port Washington,40.833246,-73.69309
Richmond Hill,40.698485,-73.83365
Huntington Station,40.821698,-73.37553
Bainbridge,42.292692,-75.47528
Glen Spey,41.48397,-74.81186
Levittown,40.724883,-73.51739
Wading River,40.953261,-72.8368
White Plains,41.013696,-73.705975
North Lawrence,44.784144,-74.66213
Aurora,42.758088,-76.66998
Versailles,42.509271,-78.999471
Arden,41.386195,-74.125718
Helena,44.921678,-74.706763
Angola,42.633375,-79.04567
Nichols,42.024157,-76.36558
Columbiaville,42.317154,-73.748555
Albany,42.614852,-73.970812
Wayland,42.569876,-77.57637
Albany,42.614852,-73.970812
Ferndale,41.734913,-74.75013
Red Creek,43.235909,-76.71545
Buffalo,42.75495,-78.784908
Ticonderoga,43.858226,-73.45414
Holland Patent,43.261526,-75.25705
Rock City Falls,43.067531,-73.93002
Sherman,42.160982,-79.59738
Jeffersonville,41.774223,-74.92211
Huntington,40.867498,-73.41146
Glens Falls,43.312104,-73.64825
Rodman,43.818705,-75.480342
Greenport,41.103838,-72.36729
Monticello,41.653071,-74.69748
Washingtonville,41.428269,-74.16178
North Java,42.672162,-78.33745
Canadice,42.737181,-77.519784
Westons Mills,42.062125,-78.377974
Palisades,41.011464,-73.92585
Grahamsville,41.85304,-74.52915
South Fallsburg,41.705649,-74.62985
New Hyde Park,40.754757,-73.601772
Nineveh,42.163814,-75.55149
Brooklyn,40.627946,-73.94552
New York,40.72596,-73.99834
Alplaus,42.853043,-73.9029
Hurleyville,41.752458,-74.66996
New York,40.780751,-73.977182
New York,40.780751,-73.977182
Napanoch,41.802898,-74.40025
Dunkirk,42.479471,-79.32805
Bovina Center,42.274238,-74.75464
Big Flats,42.150834,-76.94805
Staten Island,40.551353,-74.15098
Waddington,44.866754,-75.17201
Chaffee,42.562386,-78.49087
Perrysburg,42.469165,-79.01069
Conewango Valley,42.251075,-79.03785
Manhasset,40.796752,-73.68935
Berne,42.610306,-74.15692
Albany,42.692909,-73.838035
Ardsley,41.011324,-73.84152
Forestburgh,41.562141,-74.71252
Limestone,42.035792,-78.61789
New York,40.826181,-73.9371
Mount Marion,42.034256,-73.99876
Farmington,42.985007,-77.346
Jackson Heights,40.750146,-73.88433
Wolcott,43.234753,-76.8252
Troy,42.743289,-73.69482
Chadwicks,43.029669,-75.27211
Valley Stream,40.754757,-73.601772
Colton,44.537321,-74.92847
Sundown,41.881485,-74.430063
Redfield,43.572876,-75.81709
Flushing,40.728614,-73.82145
Grand Gorge,42.368009,-74.50137
Oriskany Falls,42.964774,-75.47889
Boonville,43.484783,-75.33559
Obernburg,41.719016,-74.755373
Vernon Center,43.035057,-75.50381
New York,40.780751,-73.977182
New York,40.780751,-73.977182
Troy,42.738678,-73.673862
Fishers Island,41.261936,-72.00708
Bemus Point,42.170787,-79.37689
Greenwood Lake,41.211794,-74.29778
Greenville,42.430684,-74.03728
Tioga Center,42.065842,-76.381946
Holland,42.640351,-78.53494
Dormansville,42.614852,-73.970812
Rochester,43.286024,-77.684264
Stamford,42.414519,-74.59577
Kiamesha Lake,41.679152,-74.657
Southold,41.059209,-72.42041
Orwell,43.562757,-75.996773
New York,40.828279,-73.869454
Howes Cave,42.691779,-74.37513
Albany,42.614852,-73.970812
Mumford,43.002612,-77.86458
Greenfield Park,41.725808,-74.52106
Long Lake,43.97643,-74.56669
Martville,43.258952,-76.61441
Greenwood,42.129806,-77.63705
Chester,41.35648,-74.26072
Brooklyn,40.71209,-73.95427
South Cairo,42.270559,-73.95729
Minetto,43.397671,-76.482365
New York Mills,43.102469,-75.29566
Portville,42.047063,-78.30659
Far Rockaway,40.651378,-73.870779
Loch Sheldrake,41.780299,-74.65618
Inlet,43.744906,-74.77476
Pleasantville,41.132367,-73.78922
Livingston Manor,41.920201,-74.7857
Sylvan Beach,43.209147,-75.72307
Sardinia,42.534854,-78.52113
Elka Park,42.167622,-74.15306
New York,40.780751,-73.977182
White Plains,41.119008,-73.732996
Brooklyn,40.680145,-73.96257
Coram,40.884895,-73.00501
Chase Mills,44.850439,-75.06915
Clarkson,43.286024,-77.684264
Larchmont,40.933089,-73.75615
Erieville,42.859332,-75.74261
Great Valley,42.220602,-78.6337
Callicoon Center,41.858278,-74.95034
Williamstown,43.421597,-75.90529
Canton,44.58249,-75.14417
New York,40.858704,-73.92853
New York,40.752159,-73.97231
New York,40.780751,-73.977182
Remsenburg,40.803923,-72.70421
Troupsburg,42.041973,-77.5632
Athens,42.279649,-73.81701
Brooklyn,40.726302,-73.94559
Brooklyn,40.645099,-73.945032
De Kalb Junction,44.494708,-75.29944
Poughquag,41.614667,-73.67709
Delhi,42.302716,-74.91667
Leicester,42.780121,-77.91499
Belleville,43.778046,-76.125914
Hammondsport,42.453547,-77.18019
Hague,43.750773,-73.51881
Palatine Bridge,42.923583,-74.55536
Derby,42.694598,-78.98151
Pine Hill,42.136293,-74.473639
Wampsville,43.078461,-75.701639
Binghamton,42.110927,-75.85223
Heuvelton,44.563604,-75.48794
Bronx,40.89095,-73.84702
Clifton Park,42.853676,-73.78445
Chichester,42.105611,-74.29143
Poplar Ridge,42.742057,-76.628454
East Norwich,40.848766,-73.53478
Great River,40.922326,-72.637078
Webb,43.606444,-75.103186
Ashland,42.321453,-74.33926
Fallsburg,41.732505,-74.60896
Valley Falls,42.884779,-73.53703
Roxbury,42.285644,-74.59011
Orangeburg,41.047996,-73.96215
Pleasant Valley,41.773053,-73.856116
Edwards,44.314998,-75.26149
Johnson City,42.125725,-75.96686
Mount Vernon,40.907607,-73.83709
Bullville,41.555634,-74.328805
Weedsport,43.056292,-76.5563
Clyde,43.07351,-76.87557
East Setauket,40.932053,-73.10666
Slingerlands,42.646978,-73.87151
Albany,42.614852,-73.970812
New York,40.751489,-73.990537
Wallkill,41.507236,-74.412119
Corinth,43.248892,-73.85172
South Lima,42.855409,-77.687643
Staten Island,40.63212,-74.11551
Great Neck,40.754757,-73.601772
Altamont,42.698692,-74.03148
Averill Park,42.62742,-73.53494
Johnson,41.365286,-74.510918
Schaghticoke,42.925765,-73.60664
Yulan,41.522825,-74.93164
West Chazy,44.819829,-73.51156
Brasher Falls,44.864624,-74.75386
Ogdensburg,44.683636,-75.49024
West Bloomfield,42.901162,-77.54848
Rochester,43.204695,-77.65194
Rockville Centre,40.754757,-73.601772
Windham,42.326918,-74.24657
Sandy Creek,43.653475,-76.13214
Lake Peekskill,41.337335,-73.88689
Minerva,43.841369,-74.03747
Pottersville,43.719612,-73.81116
Minoa,43.077067,-76.00695
Port Byron,43.049797,-76.66055
Youngstown,43.247054,-79.02562
New York,40.751933,-73.976794
Brooklyn,40.632449,-73.99629
Brockport,43.214261,-77.93937
Garden City,40.725257,-73.64056
Ronkonkoma,40.818826,-73.1187
Kenoza Lake,41.729581,-74.961146
Endicott,42.206745,-75.74488
Troy,42.71144,-73.525561
Elba,43.091886,-78.15151
Stone Ridge,41.850294,-74.16619
Long Eddy,41.901849,-75.10493
New York,40.712086,-74.01227
Cooperstown,42.703091,-74.91413
Saint James,40.884394,-73.15868
White Plains,41.119008,-73.732996
Oceanside,40.636286,-73.6374
Highmount,41.878801,-74.345684
Black River,44.003136,-75.77839
Port Gibson,43.033002,-77.157465
Rochester,43.175113,-77.56272
Carlisle,42.770985,-74.44694
Cossayuna,43.178983,-73.40767
Chenango Bridge,42.173775,-75.872839
Crittenden,42.947259,-78.474444
Sodus Point,43.269332,-76.9876
Brooklyn,40.645099,-73.945032
Castleton On Hudson,42.534631,-73.71327
North Branch,41.815316,-74.97995
Jamaica,40.651378,-73.870779
Sag Harbor,40.99628,-72.31074
Jamaica,40.696538,-73.78734
Latham,42.614852,-73.970812
Champlain,44.965887,-73.43636
Pelham,40.902221,-73.80717
Castle Creek,42.250715,-75.91871
Buskirk,42.932315,-73.44521
Elizaville,42.080964,-73.77856
Cattaraugus,42.329183,-78.87436
New York,40.74964,-73.991889
Albany,42.614852,-73.970812
Wurtsboro,41.592087,-74.50677
New York,40.753987,-73.980811
Bellvale,41.387822,-74.354699
Fishkill,41.537232,-73.8972
Ellisburg,43.775216,-76.202658
Gilbertsville,42.457398,-75.33434
Buffalo,42.768413,-78.887094
Chelsea,41.552793,-73.968183
Baldwin Place,41.33431,-73.749244
Irvington,41.039005,-73.8635
Great Neck,40.771082,-73.71819
Cochecton,41.694153,-74.97593
New York,40.755345,-73.97609
Mount Vernon,41.119008,-73.732996
Chemung,42.043018,-76.62459
Stella Niagara,43.199494,-79.042477
Rome,43.239274,-75.47796
Buffalo,42.768413,-78.887094
Rochester,43.286024,-77.684264
Hicksville,40.754757,-73.601772
Findley Lake,42.130247,-79.74933
Charlotteville,42.546034,-74.67315
Ellenburg Depot,44.83218,-73.80001
Mountain Dale,41.690795,-74.52273
North Hudson,43.996303,-73.72147
Hinckley,43.328187,-75.117319
New York,40.714754,-74.00721
Hollowville,42.210991,-73.687001
King Ferry,42.667102,-76.62939
Haines Falls,42.19551,-74.102319
Oakland Gardens,40.746718,-73.75994
Wellsburg,42.01359,-76.75307
Rockville Centre,40.663935,-73.63792
Lake Pleasant,43.525388,-74.40875
South Colton,44.501065,-74.86633
Ionia,42.933105,-77.49687
Orient,41.151826,-72.27511
Delanson,42.749499,-74.18601
Saugerties,42.085634,-73.97685
Marietta,42.891595,-76.28318
Almond,42.321173,-77.82312
New York,40.780751,-73.977182
Hannawa Falls,44.608735,-74.973218
East Aurora,42.770859,-78.59804
New York,40.813385,-73.93616
Jamesport,40.943323,-72.57996
Preston Hollow,42.442592,-74.24159
Ulster Park,41.855761,-73.99207
Hannibal,43.317683,-76.56767
Flushing,40.772072,-73.87509
Milton,41.656805,-73.96831
Severance,44.145678,-73.815204
Addison,42.104389,-77.28857
Paradox,43.888754,-73.65812
Keene,44.25462,-73.78934
Patterson,41.483689,-73.57293
Fort Edward,43.253125,-73.58549
Alder Creek,43.419132,-75.21942
Getzville,43.02534,-78.76241
New York,40.802853,-73.95471
New York,40.709387,-74.016529
New City,41.145495,-73.9949
Willsboro,44.373007,-73.40668
Lee Center,43.311975,-75.50677
Merrick,40.666575,-73.55475
Keeseville,44.530527,-73.46734
Spring Valley,41.116795,-74.04504
Constable,44.953782,-74.32809
Elbridge,43.025843,-76.42589
Greene,42.336771,-75.75964
Cherry Creek,42.316386,-79.1364
Mount Vernon,41.119008,-73.732996
West Hurley,41.998199,-74.10967
Fairport,43.091714,-77.43483
Arverne,40.592939,-73.79568
Barrytown,42.005984,-73.92132
Cortland,42.591109,-76.19217
Albany,42.713328,-73.8179
Annandale On Hudson,42.035434,-73.909234
Cairo,42.307982,-74.008
Medina,43.217155,-78.38746
Cuba,42.213216,-78.28649
Mount Vernon,41.119008,-73.732996
New York,40.780751,-73.977182
Stony Brook,40.906174,-73.12748
New York,40.780751,-73.977182
Ridgewood,40.703069,-73.89285
Patchogue,40.770898,-73.00213
Copake Falls,42.144585,-73.51463
Raquette Lake,43.807314,-74.66771
Quogue,40.825411,-72.60506
Schenectady,42.820909,-73.92002
Sayville,40.739869,-73.07198
Jamaica,40.651378,-73.870779
Garden City,40.754757,-73.601772
Fleischmanns,42.183262,-74.52154
Clarence Center,43.019908,-78.63497
Yonkers,40.943525,-73.88176
Woodbury,40.813801,-73.46912
Glenford,42.000093,-74.15946
Lake Huntington,41.677243,-74.99109
Old Chatham,42.437594,-73.55599
Rock Hill,41.614218,-74.58836
Roslyn,40.793839,-73.65156
Gansevoort,43.174566,-73.68848
Moravia,42.755698,-76.41226
Java Center,42.661838,-78.38309
Smithtown,40.922326,-72.637078
Cambridge,43.039226,-73.38557
New York,40.780751,-73.977182
Lycoming,43.431311,-76.200448
Great Neck,40.754757,-73.601772
Warners,43.088699,-76.31946
Glenfield,43.743932,-75.34971
Wevertown,43.638462,-73.91693
Wilmington,44.145678,-73.815204
Jamestown,42.342529,-79.41091
Wainscott,40.947419,-72.24505
Cato,43.182054,-76.57176
Manchester,42.970621,-77.2298
Bronx,40.878522,-73.82541
Springwater,42.674773,-77.58341
Poestenkill,42.693228,-73.56922
Albany,42.614852,-73.970812
Albany,42.614852,-73.970812
New York,40.75557,-73.978877
Brooklyn,40.645099,-73.945032
Albany,42.640129,-73.76061
Albany,42.614852,-73.970812
Austerlitz,42.323565,-73.45257
Northville,43.21892,-74.14822
Lockport,43.160857,-78.68756
Pike,42.543108,-78.153849
Brooklyn,40.645099,-73.945032
Union Springs,42.832007,-76.66641
Wilson,43.307288,-78.83368
New York,40.748998,-73.986467
Wellsville,42.094855,-77.94686
New York,40.780751,-73.977182
Cold Spring,41.440695,-73.9314
Forest Hills,40.720535,-73.84582
Hurley,41.92674,-74.06797
Fort Covington,44.972087,-74.48703
Brooklyn,40.703355,-73.91993
Cambria Heights,40.693538,-73.73574
Whitehall,43.547822,-73.38318
Westhampton,40.81819,-72.67835
Bloomingburg,41.564426,-74.4265
Byron,43.079217,-78.06371
North Evans,42.691742,-78.992658
Sidney Center,42.236762,-75.25901
Cowlesville,42.814667,-78.46076
Bronx,40.853017,-73.91214
Great Neck,40.754757,-73.601772
Voorheesville,42.638481,-73.95946
Westerlo,42.515818,-74.04978
Harris,41.720235,-74.72901
New York,40.780751,-73.977182
New York,40.780751,-73.977182
East Berne,42.621933,-74.05574
Westford,42.680906,-74.76529
Nunda,42.589984,-77.9075
Thornwood,41.120025,-73.77687
Cleveland,43.252084,-75.84853
New Russia,44.129094,-73.64792
Rainbow Lake,44.552725,-74.317958
Cincinnatus,42.560795,-75.93241
New York,40.780751,-73.977182
Rocky Point,40.954093,-72.92884
Calcium,44.030831,-75.85521
Wales Center,42.767333,-78.585646
Buffalo,42.896407,-78.88515
Horseheads,42.160717,-76.878456
Interlaken,42.614518,-76.72405
Spencerport,43.189862,-77.81809
New York,40.780751,-73.977182
Glenwood Landing,40.828143,-73.64401
Durhamville,43.165514,-75.68091
New Lisbon,42.590419,-75.195695
North Boston,42.768413,-78.887094
New York,40.791586,-73.94575
North Blenheim,42.482123,-74.45715
Holmes,41.519085,-73.67241
Brentwood,40.783954,-73.24517
New York,40.762174,-73.94917
Long Island City,40.651378,-73.870779
Kew Gardens,40.706903,-73.82973
South Otselic,42.662648,-75.76265
Bronx,40.825727,-73.81752
Niagara Falls,43.086355,-79.03736
Jamestown,42.081657,-79.294921
Bolivar,42.076186,-78.14489
West Eaton,42.854631,-75.660462
Buffalo,42.845758,-78.8187
New York,40.739022,-73.98205
Hauppauge,40.810246,-73.191789
Wyoming,42.829405,-78.08887
New York,40.750824,-73.99289
Hempstead,40.754757,-73.601772
South Ozone Park,40.673138,-73.81443
Madison,42.839697,-75.544322
Coeymans Hollow,42.475609,-73.92656
Selkirk,42.539822,-73.81545
Maple Springs,42.19815,-79.417353
Lowville,43.794492,-75.46905
Clayville,42.969624,-75.22603
Bath,42.351281,-77.3361
Lorraine,43.743998,-75.89354
Floral Park,40.754757,-73.601772
Panama,42.043339,-79.51361
Bronx,40.815559,-73.90771
Campbell Hall,41.451074,-74.24346
Central Square,43.299689,-76.15144
Mallory,43.339851,-76.096357
Lyndonville,43.338755,-78.3931
Rochester,43.286024,-77.684264
Brightwaters,40.720746,-73.26614
Newburgh,41.521593,-74.04072
Rochester,43.143663,-77.51114
Shrub Oak,41.330178,-73.82973
Farmingville,40.83469,-73.0386
Manorville,40.855861,-72.79736
North River,43.722082,-74.10546
Billings,41.759905,-73.743714
Nelliston,42.937863,-74.611711
Unionville,41.314931,-74.550346
Hopewell Junction,41.573253,-73.79347
Marathon,42.453663,-76.06983
Surprise,42.393192,-73.96763
Buffalo,42.972207,-78.84234
Limerick,44.035703,-76.090424
Lyon Mountain,44.715159,-73.91824
Williamstown,43.436919,-75.881404
Philadelphia,44.160785,-75.71159
Eastport,40.824658,-72.72356
Bronx,40.825432,-73.89327
Jewett,42.260634,-74.27527
Kauneonga Lake,41.6896,-74.8272
Oyster Bay,40.868882,-73.52292
Schenectady,42.833261,-74.058015
New York,40.755101,-73.99337
Montgomery,41.520396,-74.24712
Silver Creek,42.535276,-79.16539
Brooklyn,40.617563,-74.01168
Farmingdale,40.754757,-73.601772
Cassadaga,42.343265,-79.30101
Burlington Flats,42.728271,-75.14144
Bronx,40.846745,-73.89861
Alfred Station,42.258793,-77.77793
Feura Bush,42.561226,-73.92528
Downsville,42.086268,-75.00691
New York,40.74618,-73.97759
New Berlin,42.626177,-75.31502
Melville,40.791593,-73.40543
East Worcester,42.615422,-74.6595
Greenlawn,40.862565,-73.36221
Hillsdale,42.204681,-73.54775
Jordanville,42.902922,-74.89149
New Hyde Park,40.754757,-73.601772
Wappingers Falls,41.59466,-73.89579
Rochester,43.132474,-77.60377
Peekskill,41.288258,-73.91928
Shenorock,41.328737,-73.742268
Southfields,41.246428,-74.17141
West Islip,40.713459,-73.3001
Ellenburg Center,44.865972,-73.89584
Glen Head,40.823957,-73.60415
Fort Johnson,42.970827,-74.24778
Greenfield Center,43.128878,-73.8555
Oswego,43.449201,-76.47992
Dalton,42.523195,-77.93008
Bronx,40.829676,-73.90856
Redwood,44.323952,-75.76895
Buffalo,42.836858,-78.75557
Binghamton,42.077258,-75.90226
Altmar,43.499843,-75.97716
Scarsdale,40.98845,-73.79716
Centerport,40.890598,-73.37536
Olean,42.076574,-78.42744
Van Etten,42.212809,-76.58618
Amityville,40.922326,-72.637078
Syracuse,43.081324,-76.23488
New York,40.780751,-73.977182
White Lake,41.649008,-74.85751
Athol Springs,42.768413,-78.887094
Vernon,43.079233,-75.5134
Chenango Forks,42.261923,-75.84463
Croton On Hudson,41.215541,-73.88543
New York,40.715721,-74.00395
Argyle,43.229054,-73.4674
Brant Lake,43.703484,-73.71123
Garden City,40.754757,-73.601772
Jericho,40.754757,-73.601772
Silver Lake,42.692874,-78.022364
Massapequa,40.68085,-73.46289
Wyandanch,40.752098,-73.36516
West Fulton,42.529042,-74.44937
Childwold,44.224185,-74.76539
Otego,42.417489,-75.18605
Port Washington,40.754757,-73.601772
Hamburg,42.734051,-78.8413
Ithaca,42.445074,-76.467233
Brooklyn,40.622994,-73.96427
Bridgehampton,40.939075,-72.30514
Albany,42.614852,-73.970812
Astoria,40.762012,-73.93147
Middletown,41.387822,-74.354699
Nyack,41.089746,-73.9258
East Durham,42.378679,-74.10443
Scio,42.170951,-77.97556
New York,40.780751,-73.977182
White Plains,41.119008,-73.732996
Albany,42.614852,-73.970812
Water Mill,40.919693,-72.34407
Rexville,42.060154,-77.68455
Freeport,40.653935,-73.587
Stow,42.155693,-79.412233
Arkport,42.410387,-77.71394
Chaumont,44.0958,-76.11992
Rochester,43.161613,-77.606774
Fishs Eddy,41.965435,-75.17968
Croton On Hudson,41.234256,-73.926165
Clarksville,42.543326,-73.97403
Schoharie,42.668825,-74.30134
New York,40.755494,-73.97447
New York,40.750308,-74.00058
Brooklyn,40.662892,-73.95509
West Stockholm,44.69563,-74.89998
Rochester,43.116713,-77.55904
Sterling Forest,41.182344,-74.318354
Chateaugay,44.901543,-74.06054
Geneva,42.853039,-76.99394
Fultonville,42.896974,-74.37495
Canandaigua,42.85297,-77.29466
Purling,42.284773,-74.02388
Syracuse,43.02143,-76.197701
Rochester,43.182163,-77.63794
Greig,43.818705,-75.480342
Plattsburgh,44.683468,-73.44639
Arcade,42.582693,-78.40069
New York,40.780751,-73.977182
New York,40.776099,-73.98285
Long Island City,40.745341,-73.93907
Woodgate,43.524904,-75.142771
New York,40.802395,-73.93359
Buffalo,42.880105,-78.81049
Spencertown,42.317959,-73.51802
Syracuse,43.02143,-76.197701
Falconer,42.128469,-79.19126
Prattsburgh,42.525335,-77.29673
Walworth,43.134783,-77.28515
Haverstraw,41.196044,-73.96836
Brooklyn,40.645099,-73.945032
Amsterdam,42.940644,-74.17899
Wells,43.43305,-74.2901
Acra,42.320081,-74.07288
Salem,43.200351,-73.3526
Sandusky,42.489129,-78.366991
Rochester,43.167563,-77.6012
Queens Village,40.708833,-73.73903
Bronx,40.872265,-73.86937
Middle Grove,43.092312,-73.97033
Watertown,43.976735,-75.91199
New York,40.780751,-73.977182
Miller Place,40.946506,-72.98837
Shirley,40.794317,-72.87181
Fort Hunter,42.945701,-74.263312
Huguenot,41.436732,-74.64558
New Woodstock,42.837642,-75.84778
Newport,43.178528,-74.98117
White Plains,41.119008,-73.732996
Brooklyn,40.6788,-74.00254
Elmhurst,40.651378,-73.870779
Dexter,44.015332,-76.05711
Buffalo,42.768413,-78.887094
Point Lookout,40.593996,-73.58039
Center Moriches,40.797772,-72.79719
Rose,43.144795,-76.860779
Florida,41.332519,-74.35931
Endicott,42.206745,-75.74488
Corning,42.140881,-77.04793
Woodbourne,41.784477,-74.59109
Leonardsville,42.954541,-75.616793
New York,40.720666,-74.00526
New Hampton,41.384738,-74.41571
Wellesley Island,44.318866,-75.99068
Leon,42.298328,-79.006231
New York,40.780751,-73.977182
Brooklyn,40.645099,-73.945032
Albany,42.614852,-73.970812
Hadley,43.292593,-73.978
Fort Plain,42.943602,-74.64717
Mount Sinai,40.929242,-73.01317
Stephentown,42.552127,-73.39593
Pennellville,43.262012,-76.22912
Watervliet,42.729278,-73.70913
Albany,42.614852,-73.970812
Modena,41.664239,-74.1106
New York,40.758611,-73.97223
Shelter Island,41.060843,-72.33159
East Branch,42.018923,-75.11339
Glen Aubrey,42.254154,-76.01194
New York,40.780751,-73.977182
Sand Lake,42.638579,-73.48051
Argyle,43.246117,-73.455519
Cicero,43.171707,-76.09505
Homer,42.680693,-76.18566
Rome,43.239274,-75.47796
South Kortright,42.376254,-74.72258
Buffalo,42.968707,-78.8745
Rochester,43.286024,-77.684264
New York,40.826201,-73.94879
Blossvale,43.236303,-75.68087
Antwerp,44.243007,-75.60331
Hume,42.4777,-78.140343
Utica,43.239274,-75.47796
Linwood,42.915297,-77.949818
Peconic,41.03687,-72.45341
Poughkeepsie,41.759905,-73.743714
Syracuse,43.061116,-76.13733
Cassville,42.937739,-75.24946
Blauvelt,41.062779,-73.96016
Tuckahoe,40.958689,-73.82363
Mid Hudson,41.387822,-74.354699
New York,40.780751,-73.977182
Groveland,42.681361,-77.75302
Bronx,40.842173,-73.85862
Hancock,41.985839,-75.28214
Verbank,41.721384,-73.7162
Sauquoit,43.005669,-75.26202
Otto,42.357543,-78.807283
Stanfordville,41.89187,-73.69888
Garrattsville,42.64743,-75.17793
Franklin Square,40.701702,-73.67562
Astoria,40.774686,-73.90816
Lakeville,42.837786,-77.70625
Schenectady,42.833261,-74.058015
New York,40.758667,-73.98024
Herkimer,43.026416,-74.982271
Oakfield,43.077433,-78.27816
Maryknoll,41.119008,-73.732996
Brooklyn,40.645099,-73.945032
Medusa,42.456127,-74.14059
Jericho,40.786544,-73.53675
Rhinecliff,41.915068,-73.95173
Munnsville,42.967906,-75.59457
Conesus,42.706781,-77.68103
Thiells,41.208327,-74.02105
Cherry Plain,42.646742,-73.371611
Brooklyn,40.655481,-74.00424
Witherbee,44.08267,-73.530601
Buffalo,42.768413,-78.887094
Verona Beach,43.18852,-75.712551
Bronx,40.868643,-73.84735
Little Neck,40.759686,-73.73322
Sinclairville,42.265234,-79.26035
Esperance,42.784091,-74.3116
Brooklyn,40.618944,-73.98473
Flushing,40.651378,-73.870779
Chautauqua,42.187468,-79.450523
Hunt,42.542056,-77.99501
Cohocton,42.484672,-77.49846
Round Top,42.260709,-74.03078
New York,40.707467,-74.0178
Hillburn,41.126395,-74.16718
Woodmere,40.633103,-73.71404
Unadilla,42.343576,-75.3146
Johnsburg,43.569961,-73.98345
New York,40.759015,-73.96732
New York,40.756099,-73.97401
Akron,43.024559,-78.50414
Sidney,42.304177,-75.39563
Cameron Mills,42.192615,-77.35979
Colden,42.655098,-78.68472
West Babylon,40.719249,-73.35829
Lima,42.855029,-77.668326
Pultneyville,43.283582,-77.142027
Binghamton,42.142575,-75.88783
Steamburg,42.100539,-78.87967
Redford,44.664956,-73.761204
Skaneateles Falls,42.991112,-76.451147
Niagara Falls,43.091106,-78.96249
Wanakena,44.140791,-74.912493
Chappaqua,41.167455,-73.77597
Glenmont,42.600551,-73.79621
Hannacroix,42.434883,-73.89271
Warrensburg,43.538744,-73.80527
Buffalo,42.894758,-78.82303
Lynbrook,40.665202,-73.668274
Bethpage,40.740662,-73.48631
Shoreham,40.94993,-72.89533
Lyon Mountain,44.787489,-73.98702
Buffalo,42.884008,-78.86152
Canaseraga,42.442261,-77.84125
Latham,42.74964,-73.76802
Elmira,42.087824,-76.83686
Brooklyn,40.645099,-73.945032
Selden,40.869274,-73.04254
Albany,42.614852,-73.970812
Morrisonville,44.711769,-73.58219
Lakemont,42.515233,-76.92063
Diamond Point,43.50964,-73.69776
McLean,42.554215,-76.292723
Old Westbury,40.787368,-73.60119
Olivebridge,41.912356,-74.24724
Morrisville,42.923334,-75.66314
Stratford,43.180412,-74.66524
Comstock,43.461692,-73.40197
Hoffmeister,43.392434,-74.72675
Caroga Lake,43.158567,-74.49646
Tannersville,42.199479,-74.12514
Lacona,43.647881,-76.0167
Bronx,40.838745,-73.92234
Nesconset,40.842962,-73.14303
Oriskany,43.158258,-75.34281
Syracuse,43.02143,-76.197701
Belmont,42.238994,-78.01907
Bakers Mills,43.62422,-74.061201
Black Creek,42.279786,-78.23769
Walden,41.563701,-74.1755
Bronx,40.900819,-73.90347
Hicksville,40.754757,-73.601772
Hagaman,42.981745,-74.14257
Lodi,42.590355,-76.84745
New York,40.714643,-74.014958
Brooklyn,40.645099,-73.945032
Saranac Lake,44.324736,-74.16843
New York,40.780751,-73.977182
Cedarhurst,40.627386,-73.72852
Seneca Falls,42.924166,-76.78366
New York,40.734718,-74.00532
Flushing,40.651378,-73.870779
New York,40.765243,-73.980438
Baldwinsville,43.165134,-76.33901
Laurens,42.540359,-75.14604
West Henrietta,43.040271,-77.68215
West Burlington,42.704333,-75.184913
Rush,42.98723,-77.67433
West Leyden,43.453661,-75.52172
Stillwater,42.975154,-73.66576
New Hyde Park,40.742901,-73.67895
Cold Spring Harbor,40.865731,-73.44645
Troy,42.731628,-73.66465
Verona,43.141727,-75.57702
East Pharsalia,42.583518,-75.721931
Lindenhurst,40.690049,-73.37442
Bouckville,42.88821,-75.5688
Beaver Dams,42.286649,-76.9766
Hermon,44.465307,-75.230195
Yonkers,41.119008,-73.732996
Deer Park,40.760698,-73.33007
Niagara Falls,43.115355,-79.03769
Far Rockaway,40.60002,-73.75962
Saranac,44.617642,-73.81196
Alexander,42.906765,-78.24581
East Pembroke,42.991173,-78.312171
Hinsdale,42.203691,-78.407
Auburn,43.163364,-76.509567
Hudson,42.22948,-73.75846
Bolton Landing,43.582318,-73.65515
Camillus,43.039916,-76.28757
New York,40.752859,-73.97608
Rensselaer Falls,44.593588,-75.32389
Yonkers,40.96555,-73.84506
Plainview,40.779911,-73.47948
Van Buren Point,42.4511,-79.415421
Erin,42.177019,-76.66687
Westdale,43.399851,-75.82785
Bellerose,40.732239,-73.72108
Liverpool,43.02143,-76.197701
North Bangor,44.812315,-74.40784
Croghan,43.932489,-75.29084
Boston,42.627312,-78.73768
Staten Island,40.631775,-74.09432
Nassau,42.59362,-73.566328
New York,40.780751,-73.977182
Yonkers,40.917281,-73.89142
Centereach,40.868946,-73.08009
Paul Smiths,44.454639,-74.28753
Adams,43.807654,-76.04936
McDonough,42.504765,-75.77739
Knowlesville,43.241502,-78.318828
Bearsville,42.061841,-74.16063
Farmersville Station,42.443406,-78.32302
Pleasantville,41.119008,-73.732996
Pleasantville,41.119008,-73.732996
Port Washington,40.754757,-73.601772
Sunnyside,40.743796,-73.91949
East Marion,41.128923,-72.34189
Bridgeport,43.164297,-75.96057
New York,40.751378,-73.978507
East Greenbush,42.593047,-73.67343
Spring Glen,41.663895,-74.424533
Flushing,40.781703,-73.831698
Hubbardsville,42.81488,-75.43424
Keene Valley,44.171625,-73.78131
Hempstead,40.702271,-73.61741
Burlingham,41.719016,-74.755373
Phillipsport,41.651453,-74.436159
Maybrook,41.484988,-74.2161
Cold Brook,43.317064,-74.97449
Sherburne,42.680051,-75.46547
Rochester,43.286024,-77.684264
Carmel,41.444833,-73.6845
Valatie,42.426901,-73.66405
Dale,42.829129,-78.17657
Hemlock,42.787276,-77.58983
West Nyack,41.160945,-74.060826
Rochester,43.158013,-77.607049
Buffalo,42.977456,-78.73356
Sodus,43.226024,-77.03599
New York,40.780751,-73.977182
Bronx,40.842917,-73.83819
Brooklyn,40.672666,-73.87248
Brooklyn,40.670937,-73.93459
Brushton,44.830736,-74.51434
Sprakers,42.831683,-74.45667
Ilion,42.992323,-75.0615
Corbettsville,42.206745,-75.74488
Middlesex,42.702921,-77.27447
Rockville Centre,40.621753,-73.632673
Claryville,41.926119,-74.55675
Swan Lake,41.736523,-74.82634
Keeseville,44.706561,-73.744555
Syracuse,43.038099,-76.07635
Port Henry,44.041901,-73.46132
Dayton,42.408583,-78.984391
Gainesville,42.619549,-78.16153
Allegany,42.10143,-78.51587
Bay Shore,40.729098,-73.25607
Shandaken,42.142121,-74.4065
Lancaster,42.904258,-78.65519
Pompey,42.89274,-76.026459
Franklin,42.333285,-75.16086
Harpursville,42.197905,-75.65578
Walker Valley,41.878801,-74.345684
Brainardsville,44.552725,-74.317958
Cazenovia,42.938816,-75.83037
Masonville,42.215297,-75.35815
Woodhull,42.065376,-77.42392
Floral Park,40.7232,-73.70475
Hampton Bays,40.875897,-72.52063
Deposit,42.076427,-75.44551
Apalachin,42.059433,-76.14733
Rochester,43.286024,-77.684264
Savona,42.330602,-77.19305
New York,40.754862,-73.97495
New York,40.754463,-73.97606
Flushing,40.760522,-73.79612
Blue Mountain Lake,43.865351,-74.43366
Ray Brook,44.145678,-73.815204
Pine City,42.048032,-76.90521
Ithaca,42.449454,-76.49685
Staatsburg,41.854465,-73.89922
Lake Placid,44.292147,-73.95985
Plymouth,42.637549,-75.672508
Valley Stream,40.754757,-73.601772
Berkshire,42.306877,-76.204
Buffalo,42.949707,-78.85923
Jamaica,40.651378,-73.870779
Westbury,40.756287,-73.57536
Gilboa,42.425405,-74.40616
Stuyvesant Falls,42.343986,-73.73477
West Camp,42.108689,-73.934577
Riparius,43.675377,-73.932509
Potsdam,44.496564,-75.072951
Tillson,41.831082,-74.07207
Apulia Station,42.823968,-76.062425
Dryden,42.483348,-76.27901
Ava,43.368235,-75.4688
Rochester,43.127195,-77.72465
Elmira,42.147285,-76.750888
New York,40.780751,-73.977182
Hammond,44.444242,-75.69227
Harrisville,44.168224,-75.29253
Harpersfield,42.445257,-74.70189
Katonah,41.265478,-73.68512
Centerville,42.474283,-78.247413
Bronx,40.819729,-73.9223
Sloatsburg,41.156095,-74.19214
Brooklyn,40.576589,-73.99172
Stottville,42.285749,-73.733532
White Plains,41.01002,-73.75158
Stony Point,41.231408,-74.01157
South Bethlehem,42.521038,-73.851898
Saratoga Springs,43.080399,-73.77038
Brooklyn,40.598142,-73.97229
Buchanan,41.260283,-73.94033
Islip Terrace,40.754386,-73.18326
Maryland,42.538589,-74.92185
East Schodack,42.559697,-73.63335
Clifton Springs,42.965372,-77.14416
Staten Island,40.631127,-74.13715
Mineola,40.747188,-73.63808
Lewis,44.322102,-73.5404
Clark Mills,43.090027,-75.387088
Machias,42.393206,-78.52655
New York,40.759235,-73.97775
Ithaca,42.447373,-76.483703
Rochester,43.286024,-77.684264
Buffalo,42.768413,-78.887094
Bowmansville,42.941025,-78.68548
Ellicottville,42.286037,-78.65425
Uniondale,40.703502,-73.59306
Saint Regis Falls,44.63091,-74.53721
Holley,43.221689,-78.04393
New York,40.780751,-73.977182
Central Bridge,42.722477,-74.35064
Jordan,43.07446,-76.47874
New Paltz,41.751566,-74.09475
Smallwood,41.65974,-74.812
Hailesboro,44.533125,-75.192865
Sparkill,41.028647,-73.92817
Lyons Falls,43.637104,-75.3483
Hartsdale,41.025114,-73.80635
Bronx,40.818514,-73.85893
Tappan,41.025897,-73.95118
Oxford,42.428818,-75.62459
Treadwell,42.344248,-75.05323
Buffalo,42.929891,-78.75813
East Homer,42.677155,-76.105201
Canajoharie,42.86749,-74.57435
New York,40.780751,-73.977182
South Salem,41.256639,-73.54076
Brooklyn,40.645099,-73.945032
Westbury,40.754757,-73.601772
Tribes Hill,42.95002,-74.296985
Albany,42.614852,-73.970812
Salt Point,41.803384,-73.78147
Henderson Harbor,43.870842,-76.180886
Watertown,44.030204,-75.81845
Hollis,40.714261,-73.76824
West Kill,42.209414,-74.34767
Syracuse,43.010916,-76.14501
Harford,42.431068,-76.159312
New York,40.707904,-74.01342
Westfield,42.327029,-79.57301
Kattskill Bay,43.495335,-73.62987
West Harrison,41.045387,-73.74451
Elmhurst,40.736076,-73.87804
Madrid,44.758378,-75.14571
Galway,43.068203,-74.05526
Staten Island,40.564393,-74.146836
Cuddebackville,41.475235,-74.60276
Syracuse,43.02143,-76.197701
Kirkwood,42.056312,-75.79275
Astoria,40.762968,-73.91091
Buffalo,42.768413,-78.887094
Churchville,43.079181,-77.87334
South Butler,43.134425,-76.765591
New York,40.780751,-73.977182
Old Forge,43.707331,-74.94498
Rochester,43.185163,-77.60368
West Point,41.376109,-73.9788
Hicksville,40.763355,-73.52323
Hortonville,41.762944,-75.030592
Brewerton,43.225081,-76.13966
Oakdale,40.736011,-73.1296
Mattituck,40.994649,-72.53731
Holbrook,40.799706,-73.07485
Remsen,43.349682,-75.15821
Newark,43.052126,-77.09424
Mahopac Falls,41.372581,-73.760132
Andes,42.152105,-74.78184
Eagle Bridge,42.959229,-73.35236
Adams Basin,43.195261,-77.855883
Newton Falls,44.533125,-75.192865
Ridgewood,40.651378,-73.870779
Hoosick Falls,42.888816,-73.3555
Thousand Island Park,44.289833,-76.02621
Celoron,42.105907,-79.27912
Pond Eddy,41.44515,-74.84003
Henderson,43.82212,-76.2127
Buffalo,42.790708,-78.82717
Pine Valley,42.218224,-76.84694
New York,40.714231,-74.011895
Albany,42.614852,-73.970812
Winthrop,44.755383,-74.81213
Fredonia,42.425683,-79.3371
Liverpool,43.152017,-76.22068
East Meredith,42.411895,-74.91372
Alton,43.222735,-76.982149
Bayside,40.780386,-73.78005
Buffalo,42.934757,-78.8118
New Hyde Park,40.760128,-73.69379
Glen Cove,40.864757,-73.62609
Sterling,43.337718,-76.6729
Schenectady,42.800276,-73.88096
New York,40.769334,-73.94893
Gerry,42.230692,-79.17185
Tunnel,42.214705,-75.727699
Vestal,42.075874,-76.02837
Brooklyn,40.644552,-73.97595
Roscoe,41.94836,-74.94475
Arkville,42.130111,-74.57574
Oak Hill,42.406464,-74.15692
Avoca,42.419988,-77.43392
West Shokan,41.961316,-74.27687
Glasco,41.949795,-74.003246
Roseboom,42.69983,-74.81731
Buffalo,42.768413,-78.887094
Harrison,40.972667,-73.71886
West Sand Lake,42.631625,-73.61619
North Bay,43.236407,-75.776918
Java Village,42.676913,-78.44075
Kendall,43.339304,-78.02581
Palenville,42.174411,-74.01599
Mooers,44.958106,-73.58022
Brownville,44.005613,-75.98315
Springville,42.516248,-78.68944
Varysburg,42.750175,-78.32283
Rochester,43.087613,-77.6352
Willseyville,42.298203,-76.38844
Reading Center,42.429721,-76.925846
Brooklyn,40.676938,-73.91858
Coxsackie,42.353773,-73.82774
Farnham,42.594627,-79.08404
Rochester,43.286024,-77.684264
Brainard,42.494981,-73.510676
Knoxboro,42.980334,-75.518569
Richford,42.396659,-76.15709
Queensbury,42.973468,-74.406393
Rochester,43.214613,-77.70626
Halcottsville,42.183045,-74.925617
Hyde Park,41.779541,-73.90155
Mount Upton,42.392104,-75.41093
Sugar Loaf,41.323172,-74.288565
East Bloomfield,42.900966,-77.42331
Avon,42.899233,-77.73372
Ossining,41.176837,-73.84741
Buffalo,42.968057,-78.80047
Summit,42.559096,-74.55282
Georgetown,42.763823,-75.75188
East Northport,40.865998,-73.31796
West Falls,42.692304,-78.67147
Albany,42.654978,-73.80053
Troy,42.785887,-73.66221
Corona,40.747106,-73.85838
Breezy Point,40.560167,-73.90891
Speculator,43.515611,-74.37431
Clinton Corners,41.874183,-73.76727
Camden,43.377083,-75.74261
North Salem,41.32797,-73.61306
Upton,40.922326,-72.637078
Mount Vernon,40.924195,-73.82614
Albany,42.614852,-73.970812
Clemons,43.583211,-73.47852
Rochester,43.156963,-77.60375
New York,40.798502,-73.96811
Newburgh,41.387822,-74.354699
Dewittville,42.258967,-79.43348
New Baltimore,42.444198,-73.788241
New York,40.780751,-73.977182
Rye,41.119008,-73.732996
Lynbrook,40.754757,-73.601772
Oxbow,44.308475,-75.66879
Keuka Park,42.589281,-77.11824
Pharsalia,42.595426,-75.757217
Ontario Center,43.348369,-77.045288
Cleverdale,43.47181,-73.639291
New York,40.781894,-73.95039
Rooseveltown,44.533125,-75.192865
Utica,43.114519,-75.22284
Buffalo,42.821008,-78.82448
Meridale,42.183045,-74.925617
Buffalo,42.94722,-78.89694
Brooklyn,40.645256,-73.95553
Melrose,42.851106,-73.61867
Poughkeepsie,41.701443,-73.91922
Farmingdale,40.754757,-73.601772
Northport,40.905647,-73.33114
Berlin,42.681107,-73.3489
Tuxedo Park,41.197123,-74.21069
Corning,42.145265,-77.56683
East Meadow,40.7143,-73.55527
Davenport Center,42.424859,-74.900195
Laurel,40.961916,-72.55024
Warsaw,42.739447,-78.15948
Scottsville,43.030313,-77.7836
Amawalk,41.289939,-73.76493
Briarcliff Manor,41.146297,-73.83311
Westbury,40.754757,-73.601772
Kings Park,40.888497,-73.24258
Gloversville,43.069562,-74.3436
Hankins,41.838672,-75.08718
Penfield,43.145342,-77.45849
Bombay,44.927856,-74.60211
Islip,40.734212,-73.21416
Rosendale,41.846938,-74.07602
Newfane,43.264406,-78.72634
Sonyea,42.729839,-77.773919
Cross River,41.269072,-73.60493
Suffern,41.125695,-74.12682
New York,40.706925,-74.008154
Uniondale,40.754757,-73.601772
Stony Brook,40.922326,-72.637078
Bayside,40.79278,-73.776701
Victory Mills,43.088397,-73.591652
Clinton,43.049536,-75.37656
Jamaica,40.651378,-73.870779
Naples,42.628515,-77.39457
Buffalo,42.917657,-78.8779
Shortsville,42.97342,-77.2434
Bedford Hills,41.236931,-73.69018
Far Rockaway,40.651378,-73.870779
Margaretville,42.151449,-74.64261
Gowanda,42.453234,-78.9348
Burdett,42.444243,-76.83274
Fresh Meadows,40.738983,-73.79209
Marlboro,41.603333,-73.98415
Three Mile Bay,44.064999,-76.24023
Jamestown,42.342529,-79.41091
Mechanicville,42.915904,-73.70539
Norwood,44.752355,-74.98906
Buffalo,42.768413,-78.887094
New Rochelle,40.948274,-73.795361
Port Washington,40.754757,-73.601772
Port Washington,40.754757,-73.601772
Gabriels,44.552725,-74.317958
Whippleville,44.805681,-74.252254
Syracuse,43.02143,-76.197701
Earlville,42.752447,-75.56997
West Oneonta,42.488953,-75.12063
Morton,43.381027,-78.231338
Jefferson Valley,41.331173,-73.80208
Port Washington,40.754757,-73.601772
Little Neck,40.772636,-73.74644
Ravena,42.46915,-73.82956
Clay,43.1835,-76.18002
Lake View,42.718308,-78.9372
West Edmeston,42.766057,-75.32353
New York,40.754305,-73.979782
Ellenburg,44.842975,-73.973533
Rushford,42.385744,-78.23754
Dolgeville,43.11545,-74.74379
New York,40.713062,-74.00857
Blooming Grove,41.464867,-74.255646
Durham,42.390291,-74.20164
New York,40.761104,-73.968036
Brooklyn,40.68209,-73.97783
Uniondale,40.754757,-73.601772
Fultonham,42.565907,-74.41457
Albany,42.614852,-73.970812
Pavilion,42.876222,-78.00056
Elma,42.834159,-78.64246
Tonawanda,42.768413,-78.887094
Buffalo,42.913257,-78.86612
Geneseo,42.834813,-77.715406
Port Chester,41.010376,-73.67326
Newtonville,42.724978,-73.764296
Elmont,40.700529,-73.70223
Bear Mountain,41.160945,-74.060826
Flushing,40.749463,-73.81941
Roslyn Heights,40.785642,-73.64006
Little Falls,43.053176,-74.84685
Milford,42.606209,-74.97261
Mount Morris,42.692608,-77.87663
Rochester,43.149863,-77.58962
Esopus,41.816628,-73.97824
Mount Tremper,42.038539,-74.23905
Tupper Lake,44.220344,-74.46299
Deferiet,43.885519,-75.798319
Pound Ridge,41.212954,-73.58409
Valley Stream,40.651733,-73.71079
Poland,43.21574,-75.08534
Pierrepont Manor,43.73345,-76.054313
Rochester,43.286024,-77.684264
Cayuta,42.265328,-76.71263
Cragsmoor,41.674288,-74.37833
Shushan,43.11595,-73.31852
New York,40.780751,-73.977182
Whitesboro,43.11627,-75.31182
New York,40.759291,-73.97979
Buffalo,42.768413,-78.887094
Breesport,42.177039,-76.73437
Honeoye,42.762059,-77.50488
Brooktondale,42.368,-76.35407
Albany,42.678112,-73.82983
Moira,44.833996,-74.5716
Fabius,42.847248,-75.97818
Richville,44.414762,-75.37897
East Rochester,43.111663,-77.48709
Monsey,41.116162,-74.07556
Middle Falls,43.100123,-73.524554
Maple View,43.457798,-76.153442
Bronx,40.881086,-73.90749
Memphis,43.105771,-76.41482
Newfield,42.354851,-76.60338
Odessa,42.341316,-76.77926
Port Ewen,41.905004,-73.97957
North Brookfield,42.852808,-75.39938
New York,40.780751,-73.977182
Middletown,41.478028,-74.35844
Jamaica,40.674888,-73.7727
Germantown,42.123977,-73.86199
Lewiston,43.169055,-79.02426
Syracuse,43.037166,-76.12653
Boiceville,42.001351,-74.2619
Albertson,40.769942,-73.65004
Rouses Point,44.990606,-73.37017
Saint Johnsville,43.021223,-74.64537
New York,40.780751,-73.977182
Hawthorne,41.103664,-73.7958
La Fayette,42.883503,-76.10983
Calverton,40.933429,-72.74646
Queens Village,40.719981,-73.74127
Mongaup Valley,41.676676,-74.80674
Endwell,42.206745,-75.74488
New York,40.780751,-73.977182
Carle Place,40.750132,-73.61328
Mannsville,43.714545,-76.10465
Armonk,41.129908,-73.70352
New Windsor,41.46359,-74.05975
Utica,43.087169,-75.260259
Mayfield,43.146907,-74.23466
Theresa,44.216969,-75.79671
Bible School Park,42.080494,-76.097288
Castile,42.63529,-78.05135
Scottsburg,42.664904,-77.71275
West Clarksville,42.12267,-78.221332
New York,40.812665,-73.95499
Bronx,40.857017,-73.78903
Waterport,43.34653,-78.25412
Jacksonville,42.50632,-76.608222
Yorktown Heights,41.296874,-73.78934
New Suffolk,40.991836,-72.47505
Jamesville,42.973991,-76.07493
Rodman,43.842808,-75.90347
Buffalo,42.866708,-78.83139
Rochester,43.286024,-77.684264
Mount Vernon,40.909288,-73.8215
New Rochelle,40.897783,-73.77933
Malverne,40.675249,-73.67298
Crompond,41.300561,-73.861217
Stony Creek,43.426652,-73.96174
Cobleskill,42.696926,-74.52436
Grafton,42.772624,-73.446834
Cherry Valley,42.772775,-74.7359
Atlanta,42.560553,-77.47257
Aquebogue,40.922326,-72.637078
Schenectady,42.804076,-73.93571
Collins,42.498791,-78.8835
Sanborn,43.140056,-78.88297
Dresden,42.684588,-76.95775
New York,40.780751,-73.977182
Garden City,40.607574,-73.742691
Livonia,42.809908,-77.65301
Bloomville,42.364673,-74.78034
Morris,42.509167,-75.208242
Lansing,42.564191,-76.54077
Plymouth,42.650584,-75.65761
New York,40.752354,-73.9789
Huletts Landing,43.642332,-73.50948
Lyons,43.076715,-76.99231
Rego Park,40.724945,-73.8609
Morris,42.532969,-75.25536
Buffalo,42.768413,-78.887094
Painted Post,42.173481,-77.11844
Lake Katrine,41.993639,-73.99843
Olmstedville,43.795443,-73.93994
Willard,42.683451,-76.872442
Narrowsburg,41.588604,-74.99385
North Rose,43.197378,-76.91443
Bradford,42.383304,-77.08762
Massapequa Park,40.68505,-73.44681
Burke,44.915973,-74.16565
New York,40.717179,-74.01433
Brookfield,42.832184,-75.32106
Albany,42.653979,-73.74833
Blue Point,40.74897,-73.03436
Fayetteville,43.028516,-76.00876
Hamilton,42.820826,-75.54012
Thompson Ridge,41.580793,-74.37451
Great Neck,40.798839,-73.73352
East Otto,42.382899,-78.72101
Albany,42.614852,-73.970812
Blodgett Mills,42.567313,-76.123795
Floral Park,40.756983,-73.7148
Port Jefferson,40.946103,-73.06222
Albany,42.647079,-73.750314
Hermon,44.436004,-75.22228
New York,40.759511,-73.99019
Wells Bridge,42.367765,-75.24718
Palmyra,43.063858,-77.2223
New York,40.751656,-73.97516
Lexington,42.223407,-74.386635
Etna,42.484414,-76.38271
Portageville,42.54523,-78.06929
Fly Creek,42.743186,-74.98164
Willow,42.080232,-74.24801
Bronx,40.851549,-73.840908
Goshen,41.38928,-74.3337
Buffalo,42.768413,-78.887094
Ithaca,42.460721,-76.505435
Brooklyn,40.62327,-74.0295
Woodhaven,40.69087,-73.85828
Livingston Manor,41.900542,-74.827587
North Creek,43.683067,-73.97457
New York,40.818151,-73.94351
Highland Falls,41.360336,-73.97293
Westernville,43.338878,-75.35861
Rochester,43.286024,-77.684264
New York,40.71533,-74.016306
Montrose,41.248359,-73.94147
New Milford,41.387822,-74.354699
Chittenango,43.059992,-75.87116
Endicott,42.113974,-76.05256
Piffard,42.846509,-77.88795
Montauk,41.03831,-71.9506
Lockport,43.32684,-78.830681
Lily Dale,42.352416,-79.323502
Attica,42.844962,-78.27803
Romulus,42.75147,-76.85353
Staten Island,40.508274,-74.24387
Killawog,42.402816,-76.036582
New York,40.780751,-73.977182
Brooklyn,40.662191,-73.91328
Brant,42.57075,-79.030785
Millbrook,41.785109,-73.68075
Georgetown,42.712735,-75.731391
Howells,41.485227,-74.484249
Fresh Meadows,40.726137,-73.79502
Wallkill,41.615036,-74.15461
Depauville,44.139501,-76.061552
Corfu,42.974083,-78.38961
New York,40.780751,-73.977182
White Plains,41.032489,-73.76454
Bloomfield,42.868609,-77.4509
Allentown,42.073739,-78.059374
Elmira,42.129274,-76.84497
Alden,42.898709,-78.51652
Niagara University,43.32684,-78.830681
Kerhonkson,41.790385,-74.30413
Schenectady,42.769009,-73.93619
Connelly,41.907604,-73.989254
Bernhards Bay,43.279405,-75.93107
De Ruyter,42.728977,-75.86633
Albany,42.614852,-73.970812
Pine Plains,41.997807,-73.66663
Fair Haven,43.431311,-76.200448
Yonkers,40.956546,-73.8799
Flushing,40.767969,-73.82496
Ellisburg,43.75965,-76.152508
Whitney Point,42.328284,-75.95021
Buffalo,42.768413,-78.887094
Star Lake,44.161058,-74.99617
Callicoon,41.769427,-75.02808
Bronx,40.830409,-73.86845
Valley Stream,40.673,-73.70346
Candor,42.213965,-76.34099
New York,40.766429,-73.982728
Albany,42.614852,-73.970812
Catskill,42.223002,-73.90452
Dover Plains,41.738853,-73.58921
Fort Ann,43.414017,-73.50464
New York,40.780751,-73.977182
Mount Vernon,41.119008,-73.732996
Springfield Center,42.843002,-74.86479
Middle Island,40.886267,-72.9552
Warnerville,42.624507,-74.46772
Lanesville,42.157937,-74.23034
Groton,42.591961,-76.39345
Belfast,42.319654,-78.13384
Buffalo,42.916057,-78.8915
Beacon,41.505993,-73.96198
South Plymouth,42.603506,-75.67053
East Concord,42.554206,-78.61829
Rochester,43.286024,-77.684264
South Richmond Hill,40.688688,-73.82216
Greenvale,40.813187,-73.62561
East Moriches,40.806287,-72.75673
Mastic Beach,40.763634,-72.84554
Johnstown,43.014523,-74.38473
Lake Clear,44.360566,-74.25801
Au Sable Forks,44.466008,-73.73441
Mexico,43.468092,-76.2382
Burt,43.326155,-78.71564
Stafford,42.977828,-78.07934
Congers,41.149245,-73.94287
Mid Island,40.922326,-72.637078
White Plains,41.024107,-73.77808
Rome,43.164312,-75.511301
Elizabethtown,44.212623,-73.59542
Mount Vision,42.609579,-75.09464
Portlandville,42.536475,-74.96218
Brooklyn,40.645848,-73.87919
West Park,41.805576,-73.96845
Highland Lake,41.53481,-74.84656
Cornwall,41.434476,-74.03584
New York,40.748181,-73.988421
Millerton,41.961002,-73.52011
New York,40.810906,-73.96375
East Rockaway,40.639575,-73.66703
Glenwood,42.601635,-78.64273
Brewster,41.41362,-73.59556
Brier Hill,44.54141,-75.70576
Macedon,43.08786,-77.33068
Ellington,42.229098,-79.11347
Hoosick,42.866666,-73.318113
Savannah,43.09986,-76.75716
Syracuse,43.037716,-76.139646
Eden,42.651776,-78.87634
Marilla,42.838643,-78.55601
Saint Bonaventure,42.270112,-78.684684
Brooklyn,40.641436,-74.01574
Neversink,41.818926,-74.521638
Westbrookville,41.518125,-74.57566
Rifton,41.83962,-74.04033
Binghamton,42.121443,-75.93329
Flushing,40.651378,-73.870779
Bliss,42.579516,-78.24818
Mamaroneck,40.952892,-73.7346
Lagrangeville,41.656933,-73.74539
Smithville Flats,42.419896,-75.83772
New York,40.760915,-73.97785
Adirondack,43.758733,-73.76206
New York,40.706019,-74.00858
Grand Island,43.011823,-78.95914
Albany,42.614852,-73.970812
Clarendon,43.381027,-78.231338
New York,40.780751,-73.977182
Branchport,42.605481,-77.20117
Vails Gate,41.464073,-74.059104
Granite Springs,41.319026,-73.7576
New Haven,43.483379,-76.315044
Syracuse,43.075066,-76.17411
Ashville,42.098227,-79.40865
South Wales,42.716919,-78.53931
Jasper,42.135945,-77.5078
Elmsford,41.057089,-73.81658
Hauppauge,40.819266,-73.20967
Middleburgh,42.558318,-74.31458
Upper Jay,44.329473,-73.79282
Little York,42.706981,-76.156103
Waterloo,42.911377,-76.87027
Franklin Springs,43.036802,-75.39115
Jamaica,40.722008,-73.790822
New Kingston,42.227987,-74.68912
Nicholville,44.698253,-74.68843
Fayette,42.822662,-76.80197
New York,40.71704,-73.987
New York,40.780751,-73.977182
New York,40.780751,-73.977182
New York,40.780751,-73.977182
Appleton,43.318768,-78.63328
Orchard Park,42.759917,-78.75294
Parksville,41.864326,-74.72961
Wayne,42.474143,-77.097713
Brooklyn,40.691234,-73.92637
Campbell,42.235058,-77.20491
New York,40.780751,-73.977182
New York,40.848764,-73.93496
Inwood,40.618206,-73.74762
New York,40.75945,-73.715016
Rochester,43.286024,-77.684264
New York,40.765714,-73.9856
North Chatham,42.466061,-73.629296
Saugerties,42.039355,-74.067014
Red Hook,42.002691,-73.8442
Alabama,42.998052,-78.184813
Granville,43.376197,-73.31153
Canastota,43.086439,-75.76484
New York,40.780751,-73.977182
Chazy,44.88821,-73.43225
Fort Montgomery,41.334557,-73.99175
Bellona,42.757486,-77.02311
Waverly,42.023442,-76.53404
Edmeston,42.694896,-75.24214
Owls Head,44.711622,-74.09679
Ransomville,43.237855,-78.90884
Conklin,42.0553,-75.81219
Schenectady,42.862193,-73.96317
Pine Bush,41.61134,-74.32764
New York,40.748181,-73.988421
New York,40.780751,-73.977182
Kent,43.341512,-78.14128
Brooklyn,40.694214,-73.96529
Middle Village,40.716028,-73.87925
Mastic,40.80481,-72.84664
Yorkshire,42.524691,-78.475474
Staten Island,40.606337,-74.14513
Sherrill,43.070808,-75.59912
New York,40.754302,-73.97955
Holtsville,40.922326,-72.637078
Glen Oaks,40.742944,-73.70956
Brooklyn,40.598994,-73.99611
Albany,42.705345,-73.76924
Schenectady,42.833261,-74.058015
Eagle Bay,43.822824,-74.87283
Lake George,43.41928,-73.70766
Essex,44.259479,-73.40591
Syracuse,43.128534,-76.13931
Preble,42.7707,-76.18642
Fishers Landing,44.207681,-75.914556
White Plains,41.053182,-73.77672
New York,40.679845,-73.986415
Ontario,43.227921,-77.30097
Lake Luzerne,43.329851,-73.82911
Preble,42.718259,-76.149045
Auburn,43.163364,-76.509567
Guilford,42.426583,-75.48119
Geneseo,42.798159,-77.77733
New York,40.780751,-73.977182
Sea Cliff,40.846388,-73.64452
New Lebanon,42.474028,-73.4075
Spring Brook,42.807159,-78.667599
Hamlin,43.319027,-77.91991
Garrison,41.363063,-73.92154
Burnt Hills,42.912175,-73.90355
Stockton,42.326844,-79.3902
Basom,43.074578,-78.40345
Russell,44.353607,-75.0694
New York,40.750742,-73.99653
New Hyde Park,40.754757,-73.601772
Guilderland,42.698231,-73.89906
Summitville,41.719016,-74.755373
Whitehall,43.618466,-73.354596
Ardsley On Hudson,41.024855,-73.87513
Brooklyn,40.680398,-73.94824
East Elmhurst,40.762854,-73.87051
Brooklyn,40.695286,-73.98907
Delmar,42.614979,-73.84086
Albany,42.614852,-73.970812
Bloomington,41.87916,-74.03995
Moira,44.776061,-74.596249
Bridgewater,42.87896,-75.25569
Fancher,43.381027,-78.231338
Webster,43.220991,-77.45364
Kanona,42.374218,-77.364812
Sparrow Bush,41.429425,-74.72244
Freeville,42.505075,-76.35283
Holtsville,40.810606,-73.04036
Nassau,42.522197,-73.60613
Middle Granville,43.433107,-73.29152
Fine,44.268403,-75.13664
Bergen,43.067831,-77.99024
Albion,43.244034,-78.2023
Spencer,42.234865,-76.48643
Rye,40.976579,-73.69002
Albany,42.614852,-73.970812
Knox,42.6464,-74.130201
Chippewa Bay,44.440171,-75.757938
Albany,42.614852,-73.970812
Ozone Park,40.683301,-73.8503
Shelter Island Heights,41.07815,-72.35093
Montezuma,43.002267,-76.704722
Babylon,40.687649,-73.32549
Cayuga,42.912846,-76.70818
New York,40.658825,-74.004495
Marcellus,42.979467,-76.33811
Westbury,40.754757,-73.601772
Albany,42.614852,-73.970812
Rochester,43.286024,-77.684264
Springfield Gardens,40.670138,-73.75141
Richburg,42.114385,-78.168055
Clayton,44.230421,-76.09312
East Islip,40.72921,-73.18073
Staten Island,40.529749,-74.21304
Lewisboro,41.308218,-73.613803
Rochester,43.286024,-77.684264
East Elmhurst,40.763015,-73.89052
West Hempstead,40.6949,-73.65394
Martinsburg,43.818705,-75.480342
Davenport,42.473691,-74.8134
New York,40.780751,-73.977182
Jamestown,42.09179,-79.24459
Sackets Harbor,43.936173,-76.10295
Retsof,42.834327,-77.877876
Tallman,41.160945,-74.060826
Truxton,42.717801,-75.97209
Waccabuc,41.289162,-73.58834
Albany,42.614852,-73.970812
Salisbury Mills,41.433856,-74.11963
Utica,43.087669,-75.22681
Millwood,41.199502,-73.79269
Lawrence,40.61579,-73.73126
Claverack,42.220962,-73.71182
Canisteo,42.250187,-77.58406
Highland,41.713682,-73.9965
Pulaski,43.559926,-76.13619
New Hartford,43.067169,-75.28767
New York,40.780751,-73.977182
Ceres,41.999435,-78.27257
Whitestone,40.784453,-73.80922
East Syracuse,43.074266,-76.05538
Parish,43.415157,-76.11416
Ridge,40.89609,-72.87824
Bethel,41.66023,-74.90438
Syracuse,43.098917,-76.13688
New York,40.776777,-73.9541
Coeymans,42.474135,-73.79335
Woodstock,42.037356,-74.11016
Mooers Forks,44.951443,-73.68023
Rochester,43.155568,-77.62401
South Schodack,42.513906,-73.702443
Deansboro,42.9843,-75.4224
Pulteney,42.527075,-77.16963
Bronx,40.805968,-73.91628
Goldens Bridge,41.294561,-73.66701
Gallupville,42.592287,-74.438129
Lake Hill,42.073259,-74.1893
Circleville,41.525781,-74.37907
New York,40.760943,-73.979908
Albany,42.614852,-73.970812
Jamaica,40.700068,-73.80986
Buffalo,42.938258,-78.744053
Oaks Corners,42.931873,-77.011839
Jamaica,40.714144,-73.79324
Porter Corners,43.182144,-73.88689
New York,40.763742,-73.97268
Flushing,40.651378,-73.870779
Westmoreland,43.106801,-75.41944
Cohoes,42.773777,-73.70793
Godeffroy,41.437427,-74.60322
Somers,41.331587,-73.69234
Islandia,40.922326,-72.637078
Darien Center,42.891116,-78.37872
Caledonia,42.937589,-77.83528
Denver,42.249541,-74.54558
Clockville,43.042044,-75.740848
Perry,42.724075,-78.00361
Buffalo,42.914307,-78.85072
Taberg,43.346517,-75.60493
Albany,42.614852,-73.970812
Mayville,42.226149,-79.48396
Newcomb,44.145678,-73.815204
Duanesburg,42.767853,-74.09083
Earlton,42.350557,-73.91978
Albany,42.614852,-73.970812
New York,40.703042,-74.01009
Cameron,42.20928,-77.42796
New York,40.727093,-73.97864
Central Islip,40.784874,-73.19924
Sloansville,42.757815,-74.34369
New York,40.780751,-73.977182
Skaneateles,42.897167,-76.38963
Cropseyville,42.74891,-73.49405
New York,40.780751,-73.977182
Alexandria Bay,44.328698,-75.93103
Jamaica,40.651378,-73.870779
Craryville,42.176216,-73.65036
Brocton,42.390802,-79.43873
Brooklyn,40.645099,-73.945032
Phoenicia,42.081269,-74.32629
Silver Springs,42.669499,-78.09375
Slaterville Springs,42.39534,-76.35211
Genoa,42.677418,-76.54154
Dobbs Ferry,41.012729,-73.86602
Brooklyn,40.583803,-73.95019
New York,40.780751,-73.977182
Brooklyn,40.645099,-73.945032
Commack,40.841522,-73.28001
Wynantskill,42.685311,-73.63801
Hudson Falls,43.316622,-73.5735
New York,40.76842,-73.96045
Newburgh,41.387822,-74.354699
Ellenburg,44.881962,-73.963279
Pleasant Valley,41.746469,-73.80414
Niagara Falls,43.32684,-78.830681
Staten Island,40.629448,-74.16239
Wingdale,41.646584,-73.56209
Nedrow,42.950501,-76.15797
Schuyler Falls,44.589583,-73.71355
Petersburg,42.760049,-73.36801
Monroe,41.323547,-74.19531
Bethel,41.736963,-74.797524
Norfolk,44.823502,-74.96875
Ovid,42.699637,-76.82964
Garden City,40.754757,-73.601772
Sagaponack,40.937683,-72.26831
Freehold,42.361838,-74.02471
Oswegatchie,44.210178,-75.0697
New York,40.750629,-73.989426
North Chili,43.122386,-77.80347
Rushville,42.75606,-77.24024
Tyrone,42.399371,-77.026768
Plessis,44.277365,-75.84263
Greenville,40.997751,-73.820321
Evans Mills,44.091494,-75.82694
Irving,42.573552,-79.09002
Phelps,42.964535,-77.02486
New York,40.780751,-73.977182
New York,40.780751,-73.977182
Rochester,43.155863,-77.61519
New York,40.786387,-73.97709
Climax,42.403719,-73.90875
Richmondville,42.63119,-74.572
Colliersville,42.505122,-74.982056
Peterboro,42.968619,-75.679351
Schroon Lake,43.835376,-73.75802
Albany,42.669645,-73.77719
Mohawk,42.970099,-74.96051
Hornell,42.331062,-77.65536
Woodbury,41.358899,-74.122951
Ballston Lake,42.916343,-73.86657
New York,40.780751,-73.977182
Jamaica,40.650519,-73.79567
Syracuse,43.020116,-76.16406
Johnsonville,42.899334,-73.49006
Jamaica,40.686903,-73.850143
Bayville,40.907277,-73.55713
Dannemora,44.847709,-73.582317
Prospect,43.305156,-75.150183
De Peyster,44.469527,-75.50293
Bronx,40.864166,-73.88881
New York,40.780751,-73.977182
Amityville,40.6851,-73.41317
Rensselaerville,42.518386,-74.15997
Brooklyn,40.618561,-73.9216
Saint Albans,40.697188,-73.75948
North Tonawanda,43.048156,-78.86338
Niobe,42.342529,-79.41091
Chatham,42.346758,-73.57852
Yorkville,43.110619,-75.27716
Kennedy,42.154315,-79.08905
New Baltimore,42.425733,-73.899871
Greenwich,43.095447,-73.50177
Albany,42.614852,-73.970812
Tivoli,42.060034,-73.88393
Rockaway Park,40.57649,-73.84721
Schodack Landing,42.479967,-73.73647
Swain,42.473556,-77.89514
Constableville,43.570028,-75.49047
Albany,42.640813,-73.7856
Buffalo,42.880107,-78.8699
Frewsburg,42.0385,-79.07622
Baldwin,40.654112,-73.6095
Adams Center,43.871728,-76.00793
Montour Falls,42.352725,-76.84258
Ouaquaga,42.112127,-75.639586
Batavia,42.996507,-78.19279
New York,40.780751,-73.977182
Richland,43.560754,-75.99069
West Monroe,43.309645,-76.0552
Rochester,43.286024,-77.684264
New York,40.775477,-73.9905
New York,40.762808,-73.978534
Quaker Street,42.731771,-74.185395
Buffalo,42.885568,-78.873479
New York,40.780751,-73.977182
Kingston,41.932315,-74.02259
Brooklyn,40.645099,-73.945032
Riverhead,40.926595,-72.65327
Smithtown,40.853343,-73.20777
Queens Village,40.728235,-73.74782
Staten Island,40.569394,-74.11785
Purdys,41.3252,-73.66906
Albany,42.614852,-73.970812
Lowman,42.074742,-76.69317
Perkinsville,42.535363,-77.628857
Great Neck,40.754757,-73.601772
Bronx,40.81321,-73.88755
Sangerfield,42.916235,-75.35448
Cadyville,44.692862,-73.66667
Bronx,40.84095,-73.88036
Bronx,40.900629,-73.86072
Chestertown,43.638919,-73.81782
Forestport,43.506153,-75.07355
West Winfield,42.862696,-75.17053
Staten Island,40.543117,-74.17628
Schenectady,42.793326,-73.98942
Speonk,40.8204,-72.70113
North Granville,43.452517,-73.34095
New York,40.780751,-73.977182
Rochester,43.286024,-77.684264
Syosset,40.754757,-73.601772
Castorland,43.90707,-75.44761
Williston Park,40.758283,-73.64259
Albany,42.656679,-73.75894
Hughsonville,41.582437,-73.936281
Hartwick,42.708284,-75.0588
Dundee,42.502293,-76.9997
West Nyack,41.097529,-73.96996
Southampton,40.904348,-72.40714
Mill Neck,40.88889,-73.55608
Forestville,42.450845,-79.16528
Lindley,42.03128,-77.13413
New York,40.780751,-73.977182
Verplanck,41.254823,-73.958727
Amagansett,40.985301,-72.10411
Stuyvesant,42.377829,-73.75943
Melville,40.922326,-72.637078
Newcomb,43.972307,-74.15321
Syracuse,43.123415,-76.12823
Penn Yan,42.664079,-77.05664
Cortlandt Manor,41.300813,-73.8908
Yaphank,40.832858,-72.91611
Piercefield,44.234289,-74.555957
Bronxville,40.939049,-73.83099
Natural Bridge,44.055436,-75.46279
Randolph,42.160787,-78.95167
Hampton,43.500423,-73.26044
Malden On Hudson,42.098698,-73.935418
Auburn,42.922273,-76.55882
Staten Island,40.599021,-74.07503
New York,40.780751,-73.977182
Philmont,42.24862,-73.6476
La Fargeville,44.194126,-75.95725
Andover,42.157534,-77.79265
Raymondville,44.828685,-74.979811
College Point,40.785462,-73.84366
Walton,42.182237,-75.14627
Stittville,43.220075,-75.29542
North Collins,42.593148,-78.91498
Staten Island,40.60787,-74.08991
Howard Beach,40.658188,-73.84321
Carthage,43.981245,-75.61724
Binghamton,42.105375,-75.8876
Alfred,42.255694,-77.78904
Mount Kisco,41.204027,-73.73045
Hicksville,40.754757,-73.601772
Model City,43.32684,-78.830681
Millport,42.271938,-76.83926
Port Kent,44.526437,-73.409243
Hastings,43.354706,-76.14871
Rotterdam Junction,42.876756,-74.05452
Plattekill,41.641207,-74.07805
Albany,42.614852,-73.970812
Willet,42.437964,-75.89884
Lake Grove,40.855402,-73.11839
Schenectady,42.779026,-73.90507
Shokan,41.974857,-74.20686
Brooklyn,40.645099,-73.945032
Utica,43.136033,-75.432486
Bangall,41.759905,-73.743714
Gardiner,41.691524,-74.18764
Knox,42.660046,-74.116812
Malden Bridge,42.469991,-73.58587
Albany,42.614852,-73.970812
Copake,42.112895,-73.56201
Collins Center,42.49064,-78.849861
McGraw,42.593363,-76.07789
Richfield Springs,42.852372,-74.99121
Sheridan,42.488983,-79.238997
Whitesville,42.034218,-77.79269
Auriesville,42.910206,-74.423606
Fulton,43.32347,-76.40029
New York,40.751757,-73.992171
Whitestown,43.114669,-75.305811
Putnam Valley,41.390356,-73.8377
Freedom,42.483508,-78.30011
Rochester,43.232312,-77.64905
New York,40.780751,-73.977182
Hempstead,40.754757,-73.601772
New York,40.780751,-73.977182
Croton Falls,41.34598,-73.66199
Wantagh,40.676649,-73.51122
Pittsford,43.071131,-77.51181
Mountainville,41.409284,-74.083045
Astoria,40.771286,-73.92462
Schenevus,42.587708,-74.83536
Syracuse,43.02143,-76.197701
Syracuse,43.02143,-76.197701
East Williamson,43.235369,-77.137642
Stormville,41.549525,-73.72745
Schuyler Lake,42.775805,-75.048502
North Norwich,42.603574,-75.528221
Great Neck,40.812887,-73.74094
Rochester,43.127513,-77.627674
New York,40.741012,-74.00012
Syracuse,43.050966,-76.156696
Stanley,42.815171,-77.1321
Himrod,42.595985,-76.94713
Hector,42.521501,-76.86246
Moriches,40.805789,-72.82092
Albany,42.716774,-73.810373
Prattsville,42.297725,-74.40063
Ancramdale,42.045941,-73.57792
Great Bend,44.014698,-75.728357
Big Indian,42.114646,-74.4557
Bayport,40.74485,-73.055
Huntington Station,40.922326,-72.637078
East Nassau,42.525531,-73.50207
Jamaica,40.651378,-73.870779
Altona,44.879986,-73.65694
Syracuse,43.069866,-76.10724
De Lancey,42.187835,-74.89418
Bellmore,40.673438,-73.53382
Maine,42.155346,-76.071767
Williamson,43.24816,-77.18498
Valhalla,41.083848,-73.77785
Leeds,42.281117,-73.94006
Plattsburgh,44.693271,-73.46617
Barneveld,43.242724,-75.1659
Livingston,42.142068,-73.757399
Mellenville,42.259623,-73.667962
Cape Vincent,44.114183,-76.29288
Trumansburg,42.51432,-76.6689
Jefferson,42.496939,-74.62813
East Jewett,42.240343,-74.15932
Bronx,40.867107,-73.89916
New Rochelle,40.915845,-73.78643
Shinhopple,42.183045,-74.925617
Cottekill,41.852449,-74.10605
Pawling,41.570328,-73.59825
Pyrites,44.673438,-75.082041
Lincolndale,41.333398,-73.724257
New York,40.780751,-73.977182
Hartford,43.345875,-73.40651
Rochester,43.142259,-77.54587
Maspeth,40.724096,-73.90271
Turin,43.654278,-75.43828
Newark Valley,42.222777,-76.17822
Albany,42.614852,-73.970812
Ruby,42.017632,-74.007868
Thendara,43.460951,-74.957099
Jay,44.3919,-73.73028
McConnellsville,43.267243,-75.688223
Trout Creek,42.183045,-74.925617
East Amherst,43.025217,-78.70394
Alma,42.016108,-78.05768
Bellport,40.771447,-72.94663
Amenia,41.852959,-73.55727
Frankfort,43.046471,-75.10019
Lisle,42.335102,-76.02313
Cutchogue,41.012868,-72.4723
Syracuse,43.041866,-76.1032
Hamden,42.18942,-74.99219
Rensselaer,42.63738,-73.72587
Uniondale,40.754757,-73.601772
Island Park,40.603159,-73.65515
New York,40.780751,-73.977182
Roosevelt,40.679413,-73.58694
Sound Beach,40.955586,-72.9733
Rochester,43.286024,-77.684264
Farmingdale,40.725968,-73.44151
Fonda,42.953913,-74.37883
Syosset,40.815215,-73.50057
Poughkeepsie,41.759905,-73.743714
Mottville,42.97446,-76.440833
West Haverstraw,41.207594,-73.97772
Long Island City,40.651378,-73.870779
Madison,42.90777,-75.4988
White Plains,41.119008,-73.732996
Otisville,41.475197,-74.53847
Hall,42.796578,-77.063876
East Randolph,42.174736,-78.94734
Pine Island,41.295568,-74.48935
Hicksville,40.754757,-73.601772
Greenhurst,42.120512,-79.30958
Houghton,42.426885,-78.19509
Rossburg,42.260012,-78.016139
Alpine,42.366682,-76.72562
New York,40.780751,-73.977182
Brooklyn,40.599256,-73.94118
Cranberry Lake,44.220971,-74.85053
Staten Island,40.605245,-74.179485
Rhinebeck,41.930983,-73.88271
Fishers,43.010908,-77.47054
Angelica,42.339925,-77.99413
Mineville,44.088275,-73.51745
Syracuse,43.048966,-76.17536
New York,40.780751,-73.977182
Piermont,41.040623,-73.91878
Brooklyn,40.670874,-73.89424
Liberty,41.798476,-74.7361
Port Crane,42.185196,-75.7763
Gorham,42.808127,-77.287611
Mahopac,41.372419,-73.75367
Tarrytown,41.119008,-73.732996
Clymer,42.066681,-79.66612
North Hoosick,42.926121,-73.346409
Schuylerville,43.088919,-73.59633
Ocean Beach,40.643951,-73.16115
Wykagyl,40.946805,-73.78797
Waterville,42.922823,-75.36494
White Sulphur Springs,41.80854,-74.84599
Malone,44.813419,-74.2772
New York,40.867653,-73.92
New York,40.709677,-74.00365
Brooklyn,40.667508,-73.9856
Wilton,43.12943,-73.712415
Moriah,44.025573,-73.51287
Moriah Center,44.061849,-73.58384
Buffalo,42.907358,-78.82355
New York,40.757986,-73.97267
Yonkers,40.920273,-73.8612
Slate Hill,41.391172,-74.47758
East Chatham,42.41956,-73.50412
Brookhaven,40.780058,-72.91566
Plainville,43.157653,-76.44698
Maine,42.255624,-76.05009
Seneca Castle,42.808127,-77.287611
Churubusco,44.948894,-73.96545
West Valley,42.426278,-78.6474
Farmingdale,40.754757,-73.601772
Rochester,43.147563,-77.64162
Salisbury Center,43.222171,-74.80223
Union Hill,43.348369,-77.045288
Port Leyden,43.580184,-75.31757
South Byron,43.041606,-78.057252
Victor,42.980323,-77.42022
Lakewood,42.098657,-79.32439
Elmira,42.147285,-76.750888
Woodside,40.742869,-73.90377
Tully,42.802031,-76.12717
Canaan,42.399159,-73.42757
Syracuse,43.02143,-76.197701
Syracuse,43.041566,-76.22072
Coopers Plains,42.178527,-77.141357
Maplecrest,42.280261,-74.18349
Tarrytown,41.080196,-73.85721
Castle Point,41.759905,-73.743714
Youngsville,41.807694,-74.87957
Deer River,43.818705,-75.480342
New York,40.732509,-73.98935
Atlantic Beach,40.589538,-73.72915
Hicksville,40.754757,-73.601772
Ellenville,41.727588,-74.42061
Rome,43.217069,-75.45531
Buffalo,42.886357,-78.8779
Livonia Center,42.729839,-77.773919
Harriman,41.299334,-74.14049
Far Rockaway,40.596959,-73.81978
Albany,42.683727,-73.73329
New York,40.763419,-73.973971
Marion,43.160635,-77.16948
Lynbrook,40.656974,-73.67306
Indian Lake,43.761451,-74.26631
New York,40.708669,-74.01043
Guilderland Center,42.694777,-73.905271
High Falls,41.801696,-74.14187
Locke,42.643214,-76.42578
Portage,42.558227,-78.047214
Port Jefferson Station,40.911082,-73.04966
Middleville,43.137624,-74.947
Brooklyn,40.640527,-73.90362
Copiague,40.680892,-73.39609
Solsville,42.954541,-75.616793
Buffalo,42.768413,-78.887094
Queensbury,43.330471,-73.67816
Gasport,43.20258,-78.56868
Ripley,42.254906,-79.69185
Portland,42.372864,-79.47523
Barton,42.063671,-76.40638
Barker,43.337798,-78.52955
Brooklyn,40.645099,-73.945032
Beaver Falls,43.818705,-75.480342
Nanuet,41.100182,-74.0133
Vermontville,44.519178,-74.06053
Brooklyn,40.649059,-73.93304
Alcove,42.482455,-73.936671
New Hyde Park,40.754757,-73.601772
Brooklyn,40.702348,-73.94288
Jamaica,40.674146,-73.79687
Denmark,43.818705,-75.480342
Norwich,42.541733,-75.52612
Elmira,42.072024,-76.80393
Flushing,40.651378,-73.870779
Fillmore,42.456047,-78.0973
Lawrenceville,44.746861,-74.660413
Inwood,40.651378,-73.870779
Rock Tavern,41.478722,-74.15626
Valley Cottage,41.119788,-73.94455
Albany,42.614852,-73.970812
Stephentown,42.57612,-73.44559
Eldred,41.545318,-74.87533
Kinderhook,42.388394,-73.70726
Accord,41.811322,-74.23471
Lima,42.879208,-77.60183
Olcott,43.330443,-78.726661
Afton,42.232991,-75.53429
Crown Point,43.95037,-73.48357
West Coxsackie,42.413742,-73.81773
Bloomingdale,44.421547,-73.99256
Delevan,42.474779,-78.47303
Strykersville,42.720756,-78.43429
Rochester,43.286024,-77.684264
Marcy,43.162119,-75.28435
Batavia,42.998052,-78.184813
Cochecton Center,41.657225,-74.98161
Westport,44.195201,-73.47194
Oneida,43.079635,-75.64678
Buffalo,42.768413,-78.887094
North Greece,43.257819,-77.735079
Garnerville,41.204544,-74.00161
Warwick,41.259896,-74.35837
Albany,42.614852,-73.970812
Pitcher,42.607076,-75.85216
Buffalo,42.881372,-78.74466
Kill Buck,42.130224,-78.64583
Meridian,43.089111,-76.621747
East Quogue,40.84867,-72.57794
South Glens Falls,43.288818,-73.63643
Liverpool,43.105917,-76.19365
Holtsville,40.922326,-72.637078
Rosedale,40.662538,-73.73514
Watkins Glen,42.374828,-76.91606
New York,40.840686,-73.94154
Newburgh,41.507368,-74.061301
Fremont Center,41.848244,-75.03878
Rock Stream,42.451153,-76.93132
Wassaic,41.782781,-73.55792
Clarence,42.981558,-78.61484
Pomona,41.192394,-74.04523
Massena,44.937212,-74.87693
Great Neck,40.787068,-73.72577
Ancram,42.086628,-73.6642
Delphi Falls,42.870698,-75.91128
Fort Drum,44.03803,-75.75793
Windsor,42.070228,-75.63584
West Point,41.387822,-74.354699
South Jamesport,40.941363,-72.57502
Cornwall On Hudson,41.442589,-74.01389
Parishville,44.4987,-74.74685
Purchase,41.037203,-73.71588
Bayside,40.763177,-73.77392
Hilton,43.289787,-77.79548
New York,40.780751,-73.977182
Little Valley,42.249436,-78.80282
New York,40.780751,-73.977182
Eastchester,40.953849,-73.81143
Pattersonville,42.862695,-74.11759
Glen Wild,41.648888,-74.57064
Smyrna,42.687757,-75.61558
Henrietta,43.048663,-77.60843
Highland Mills,41.35805,-74.12096
Gouverneur,44.319897,-75.45537
Lawtons,42.535917,-78.88235
New York,40.749435,-73.9758
Southampton,40.922326,-72.637078
Broadalbin,43.07681,-74.15332
Neversink,41.845381,-74.61427
Syracuse,42.996804,-76.2177
Salamanca,42.168508,-78.7297
Horseheads,42.181584,-76.83639
Waterford,42.80535,-73.68976
York,42.875685,-77.883511
Lockwood,42.116615,-76.54806
Westbury,40.754757,-73.601772
Poughkeepsie,41.67086,-73.88107
Van Hornesville,42.870799,-74.84542
Middleport,43.199665,-78.48378
Rochester,43.136363,-77.64685
New York,40.70859,-74.008687
North Pitcher,42.639288,-75.82012
Niverville,42.442592,-73.65778
Constantia,43.28547,-76.00138
Rochester,43.21543,-77.55638
Hewlett,40.639534,-73.69253
West Sayville,40.731954,-73.10081
Westhampton Beach,40.816142,-72.63449
Ballston Spa,43.006309,-73.8604
Long Beach,40.588154,-73.66517
Peru,44.563323,-73.52307
Old Bethpage,40.765378,-73.45781
Rexford,42.842133,-73.86828
Mecklenburg,42.451569,-76.706717
Sabael,43.667618,-74.456913
Keeseville,44.483465,-73.4801
Potsdam,44.651265,-74.95289
Hensonville,42.302596,-74.22711
Silver Bay,43.685475,-73.50767
